term_id,name,slug,count,description
2502,abstract,abstract,13,
1194,ANTHRACAITE,anthracaite,0,
1387,AQUA,aqua,0,
1436,"AQUA - ΜΠΕΖ",aqua-%ce%bc%cf%80%ce%b5%ce%b6,0,
1392,"AQUA - ΜΩΒ",aqua-%ce%bc%cf%89%ce%b2,0,
1393,"AQUA - ΤΙΡΚΟΥΑΖ",aqua-%cf%84%ce%b9%cf%81%ce%ba%ce%bf%cf%85%ce%b1%ce%b6,0,
1360,BRASS,brass,0,
1260,"BRASS ANTIQUE",brass-antique,0,
1190,CARAMEL,caramel,0,
1434,"CARAMEL - DIJON",caramel-dijon,0,
1287,"CARAMEL - ΜΠΕΖ",caramel-%ce%bc%cf%80%ce%b5%ce%b6,0,
1230,"COGNAC - PURO",cognac-puro,1,
2258,"Dark honey",dark-honey,2,
1421,DIJON,dijon,0,
1562,"Ferndale Concrete",ferndale-concrete,3,
1497,GREZ,grez,3,
1493,"GREZ ANTHOLOGY 02",grez-anthology-02,4,
1261,"GRIZZLY 07-969",grizzly-07-969,1,
1251,LATTE,latte,0,
1358,MUD,mud,6,
1258,"MUSHROOM 05-450",mushroom-05-450,0,
1227,"MUSHROOM 05-780",mushroom-05-780,0,
1374,"MUSHROOM 26-857",mushroom-26-857,0,
1254,NICKEL,nickel,0,
1232,NUDE,nude,0,
1557,"Old beech",old-beech,0,
1268,"PUMPKIN - ΧΡΩΜΙΟ",pumpkin-%cf%87%cf%81%cf%89%ce%bc%ce%b9%ce%bf,1,
1249,"PURO ASTI 3",puro-asti-3,1,
1495,"PURO WIND 21",puro-wind-21,3,
1355,ROTTENRUST,rottenrust,0,
1429,SAND,sand,0,
1547,Sonama,sonama,29,
1419,TITAN,titan,0,
1546,Zebrano,zebrano,4,
1550,Άβαφο,%ce%ac%ce%b2%ce%b1%cf%86%ce%bf,7,
1420,ΑΣΠΡΟ,%ce%b1%cf%83%cf%80%cf%81%ce%bf,0,
2314,Βεραμάν,%ce%b2%ce%b5%cf%81%ce%b1%ce%bc%ce%ac%ce%bd,3,
2570,Βυσσινί,%ce%b2%cf%85%cf%83%cf%83%ce%b9%ce%bd%ce%af,6,
1372,ΓΑΛΑΖΙΟ,%ce%b3%ce%b1%ce%bb%ce%b1%ce%b6%ce%b9%ce%bf,2,
2413,"Γήινα χρώματα",%ce%b3%ce%ae%ce%b9%ce%bd%ce%b1-%cf%87%cf%81%cf%8e%ce%bc%ce%b1%cf%84%ce%b1,4,
1276,ΓΡΑΦΙΤΗΣ,%ce%b3%cf%81%ce%b1%cf%86%ce%b9%cf%84%ce%b7%cf%82,0,
1317,"ΔΙΑΦΑΝΟ - ΜΕΛΙ - ΜΠΕΖ",%ce%b4%ce%b9%ce%b1%cf%86%ce%b1%ce%bd%ce%bf-%ce%bc%ce%b5%ce%bb%ce%b9-%ce%bc%cf%80%ce%b5%ce%b6,0,
1438,"ΔΙΑΦΑΝΟ - ΜΠΕΖ",%ce%b4%ce%b9%ce%b1%cf%86%ce%b1%ce%bd%ce%bf-%ce%bc%cf%80%ce%b5%ce%b6,0,
1553,Δρυς,%ce%b4%cf%81%cf%85%cf%82,5,
1539,Εκρού,%ce%b5%ce%ba%cf%81%ce%bf%cf%8d,78,
1407,ΖΑΧΑΡΙ,%ce%b6%ce%b1%cf%87%ce%b1%cf%81%ce%b9,0,
1555,Καπουτσίνο,%ce%ba%ce%b1%cf%80%ce%bf%cf%85%cf%84%cf%83%ce%af%ce%bd%ce%bf,33,
1395,ΚΕΡΑΜΙΔΙ,%ce%ba%ce%b5%cf%81%ce%b1%ce%bc%ce%b9%ce%b4%ce%b9,7,
1541,Κερασί,%ce%ba%ce%b5%cf%81%ce%b1%cf%83%ce%af,0,
1282,"ΚΙΤΡΙΝΟ - ΜΠΕΖ",%ce%ba%ce%b9%cf%84%cf%81%ce%b9%ce%bd%ce%bf-%ce%bc%cf%80%ce%b5%ce%b6,0,
1453,"ΚΙΤΡΙΝΟ - ΠΡΑΣΙΝΟ",%ce%ba%ce%b9%cf%84%cf%81%ce%b9%ce%bd%ce%bf-%cf%80%cf%81%ce%b1%cf%83%ce%b9%ce%bd%ce%bf,0,
1325,"ΚΟΚΚΙΝΟ - ΜΠΕΖ",%ce%ba%ce%bf%ce%ba%ce%ba%ce%b9%ce%bd%ce%bf-%ce%bc%cf%80%ce%b5%ce%b6,0,
1323,"ΚΟΚΚΙΝΟ - ΠΡΑΣΙΝΟ",%ce%ba%ce%bf%ce%ba%ce%ba%ce%b9%ce%bd%ce%bf-%cf%80%cf%81%ce%b1%cf%83%ce%b9%ce%bd%ce%bf,0,
1324,"ΚΟΚΚΙΝΟ - ΠΡΑΣΙΝΟ - ΜΠΕΖ",%ce%ba%ce%bf%ce%ba%ce%ba%ce%b9%ce%bd%ce%bf-%cf%80%cf%81%ce%b1%cf%83%ce%b9%ce%bd%ce%bf-%ce%bc%cf%80%ce%b5%ce%b6,0,
1458,"ΚΟΚΚΙΝΟ - ΠΡΑΣΙΝΟ - ΠΡΑΣΙΝΟ",%ce%ba%ce%bf%ce%ba%ce%ba%ce%b9%ce%bd%ce%bf-%cf%80%cf%81%ce%b1%cf%83%ce%b9%ce%bd%ce%bf-%cf%80%cf%81%ce%b1%cf%83%ce%b9%ce%bd%ce%bf,0,
1409,"ΚΟΚΚΙΝΟ ΠΡΑΣΙΝΟ - ΚΙΤΡΙΝΟ",%ce%ba%ce%bf%ce%ba%ce%ba%ce%b9%ce%bd%ce%bf-%cf%80%cf%81%ce%b1%cf%83%ce%b9%ce%bd%ce%bf-%ce%ba%ce%b9%cf%84%cf%81%ce%b9%ce%bd%ce%bf,0,
1410,"ΚΟΚΚΙΝΟ ΠΡΑΣΙΝΟ - ΜΠΛΕ",%ce%ba%ce%bf%ce%ba%ce%ba%ce%b9%ce%bd%ce%bf-%cf%80%cf%81%ce%b1%cf%83%ce%b9%ce%bd%ce%bf-%ce%bc%cf%80%ce%bb%ce%b5,0,
1563,Κοραλί,%ce%ba%ce%bf%cf%81%ce%b1%ce%bb%ce%af,3,
1193,ΚΡΕΜ,%ce%ba%cf%81%ce%b5%ce%bc,0,
1551,Κυπαρισσί,%ce%ba%cf%85%cf%80%ce%b1%cf%81%ce%b9%cf%83%cf%83%ce%af,7,
1262,ΛΑΔΙ,%ce%bb%ce%b1%ce%b4%ce%b9,4,
1231,"ΛΑΔΙ - ΜΟΥΣΤΑΡΔΙ",%ce%bb%ce%b1%ce%b4%ce%b9-%ce%bc%ce%bf%cf%85%cf%83%cf%84%ce%b1%cf%81%ce%b4%ce%b9,0,
1435,"ΛΑΔΙ - ΜΠΕΖ",%ce%bb%ce%b1%ce%b4%ce%b9-%ce%bc%cf%80%ce%b5%ce%b6,0,
1247,"ΛΑΔΙ VOGUE 11",%ce%bb%ce%b1%ce%b4%ce%b9-vogue-11,0,
1542,Λαχανί,%ce%bb%ce%b1%cf%87%ce%b1%ce%bd%ce%af,4,
1558,"Λευκή πατίνα",%ce%bb%ce%b5%cf%85%ce%ba%ce%ae-%cf%80%ce%b1%cf%84%ce%af%ce%bd%ce%b1,6,
1560,"Λευκό antique",%ce%bb%ce%b5%cf%85%ce%ba%cf%8c-antique,3,
1408,ΛΙΛΑ,%ce%bb%ce%b9%ce%bb%ce%b1,0,
1460,"ΛΙΛΑ - ΜΩΒ - ΠΡΑΣΙΝΟ",%ce%bb%ce%b9%ce%bb%ce%b1-%ce%bc%cf%89%ce%b2-%cf%80%cf%81%ce%b1%cf%83%ce%b9%ce%bd%ce%bf,0,
1461,"ΛΙΛΑ - ΠΡΑΣΙΝΟ",%ce%bb%ce%b9%ce%bb%ce%b1-%cf%80%cf%81%ce%b1%cf%83%ce%b9%ce%bd%ce%bf,0,
1377,ΜΑΝΙΤΑΡΙ,%ce%bc%ce%b1%ce%bd%ce%b9%cf%84%ce%b1%cf%81%ce%b9,0,
1187,Μαρμάρινο,marble,193,
1544,"Μαύρο ματ",%ce%bc%ce%b1%cf%8d%cf%81%ce%bf-%ce%bc%ce%b1%cf%84,56,
1361,ΜΕΛΙ,%ce%bc%ce%b5%ce%bb%ce%b9,0,
1343,ΜΕΝΤΑ,%ce%bc%ce%b5%ce%bd%cf%84%ce%b1,0,
1543,Μεταλλικό,%ce%bc%ce%b5%cf%84%ce%b1%ce%bb%ce%bb%ce%b9%ce%ba%cf%8c,0,
1556,Μόκα,%ce%bc%cf%8c%ce%ba%ce%b1,9,
1233,ΜΟΥΣΤΑΡΔΙ,%ce%bc%ce%bf%cf%85%cf%83%cf%84%ce%b1%cf%81%ce%b4%ce%b9,2,
1294,"ΜΠΕΖ - ΕΚΑΙ",%ce%bc%cf%80%ce%b5%ce%b6-%ce%b5%ce%ba%ce%b1%ce%b9,0,
1443,"ΜΠΕΖ - ΜΠΕΖ",%ce%bc%cf%80%ce%b5%ce%b6-%ce%bc%cf%80%ce%b5%ce%b6,0,
1451,"ΜΠΕΖ - ΠΡΑΣΙΝΟ",%ce%bc%cf%80%ce%b5%ce%b6-%cf%80%cf%81%ce%b1%cf%83%ce%b9%ce%bd%ce%bf,0,
1442,"ΜΠΕΖ - ΣΑΜΠΑΝΙ",%ce%bc%cf%80%ce%b5%ce%b6-%cf%83%ce%b1%ce%bc%cf%80%ce%b1%ce%bd%ce%b9,0,
1463,"ΜΠΕΖ - ΧΑΚΙ - ΠΡΑΣΙΝΟ",%ce%bc%cf%80%ce%b5%ce%b6-%cf%87%ce%b1%ce%ba%ce%b9-%cf%80%cf%81%ce%b1%cf%83%ce%b9%ce%bd%ce%bf,0,
1452,"ΜΠΕΖ ΚΙΤΡΙΝΟ",%ce%bc%cf%80%ce%b5%ce%b6-%ce%ba%ce%b9%cf%84%cf%81%ce%b9%ce%bd%ce%bf,0,
1289,"ΜΠΛΕ - ΜΠΕΖ",%ce%bc%cf%80%ce%bb%ce%b5-%ce%bc%cf%80%ce%b5%ce%b6,0,
1399,"ΜΠΛΕ - ΜΩΒ",%ce%bc%cf%80%ce%bb%ce%b5-%ce%bc%cf%89%ce%b2,0,
1267,"ΜΠΛΕ OCEAN",%ce%bc%cf%80%ce%bb%ce%b5-ocean,0,
1241,"ΜΠΛΕ TWIST 13",%ce%bc%cf%80%ce%bb%ce%b5-twist-13,0,
1335,"ΜΠΛΕ ΠΡΑΣΙΝΟ",%ce%bc%cf%80%ce%bb%ce%b5-%cf%80%cf%81%ce%b1%cf%83%ce%b9%ce%bd%ce%bf,0,
1362,"ΜΠΛΕ ΡΟΖ",%ce%bc%cf%80%ce%bb%ce%b5-%cf%81%ce%bf%ce%b6,0,
1403,"ΜΠΛΕ ΣΚΟΥΡΟ",%ce%bc%cf%80%ce%bb%ce%b5-%cf%83%ce%ba%ce%bf%cf%85%cf%81%ce%bf,0,
1357,ΜΠΟΡΝΤΩ,%ce%bc%cf%80%ce%bf%cf%81%ce%bd%cf%84%cf%89,27,
1456,"ΜΠΟΡΝΤΩ - ΚΙΤΡΙΝΟ - ΠΡΑΣΙΝΟ",%ce%bc%cf%80%ce%bf%cf%81%ce%bd%cf%84%cf%89-%ce%ba%ce%b9%cf%84%cf%81%ce%b9%ce%bd%ce%bf-%cf%80%cf%81%ce%b1%cf%83%ce%b9%ce%bd%ce%bf,0,
1397,"ΜΠΟΡΝΤΩ - ΠΡΑΣΙΝΟ",%ce%bc%cf%80%ce%bf%cf%81%ce%bd%cf%84%cf%89-%cf%80%cf%81%ce%b1%cf%83%ce%b9%ce%bd%ce%bf,0,
1413,ΜΠΡΟΝΖΕ,%ce%bc%cf%80%cf%81%ce%bf%ce%bd%ce%b6%ce%b5,5,
1388,"ΜΩΒ - ΚΟΚΚΙΝΟ",%ce%bc%cf%89%ce%b2-%ce%ba%ce%bf%ce%ba%ce%ba%ce%b9%ce%bd%ce%bf,0,
1383,"ΜΩΒ - ΦΟΥΞΙΑ",%ce%bc%cf%89%ce%b2-%cf%86%ce%bf%cf%85%ce%be%ce%b9%ce%b1,0,
1450,"ΜΩΒ ΜΠΕΖ - ΠΡΑΣΙΝΟ",%ce%bc%cf%89%ce%b2-%ce%bc%cf%80%ce%b5%ce%b6-%cf%80%cf%81%ce%b1%cf%83%ce%b9%ce%bd%ce%bf,0,
1333,"ΜΩΒ ΠΡΑΣΙΝΟ",%ce%bc%cf%89%ce%b2-%cf%80%cf%81%ce%b1%cf%83%ce%b9%ce%bd%ce%bf,0,
1404,"ΜΩΒ ΣΚΟΥΡΟ",%ce%bc%cf%89%ce%b2-%cf%83%ce%ba%ce%bf%cf%85%cf%81%ce%bf,0,
1418,ΝΙΚΕΛ,%ce%bd%ce%b9%ce%ba%ce%b5%ce%bb,0,
1549,Ξύλου,%ce%be%cf%8d%ce%bb%ce%bf%cf%85,1,
1545,Οξιά,%ce%bf%ce%be%ce%b9%ce%ac,0,
1345,ΠΕΤΡΟΛ,%cf%80%ce%b5%cf%84%cf%81%ce%bf%ce%bb,2,
1469,"ΠΡΑΣΙΝΟ - ΜΟΥΣΤΑΡΔΙ",%cf%80%cf%81%ce%b1%cf%83%ce%b9%ce%bd%ce%bf-%ce%bc%ce%bf%cf%85%cf%83%cf%84%ce%b1%cf%81%ce%b4%ce%b9,0,
1396,"ΠΡΑΣΙΝΟ - ΜΠΟΡΝΤΩ",%cf%80%cf%81%ce%b1%cf%83%ce%b9%ce%bd%ce%bf-%ce%bc%cf%80%ce%bf%cf%81%ce%bd%cf%84%cf%89,0,
1402,"ΠΡΑΣΙΝΟ - ΜΩΒ",%cf%80%cf%81%ce%b1%cf%83%ce%b9%ce%bd%ce%bf-%ce%bc%cf%89%ce%b2,0,
1455,"ΠΡΑΣΙΝΟ - ΜΩΒ - ΠΡΑΣΙΝΟ",%cf%80%cf%81%ce%b1%cf%83%ce%b9%ce%bd%ce%bf-%ce%bc%cf%89%ce%b2-%cf%80%cf%81%ce%b1%cf%83%ce%b9%ce%bd%ce%bf,0,
1363,"ΠΡΑΣΙΝΟ ΚΟΚΚΙΝΟ",%cf%80%cf%81%ce%b1%cf%83%ce%b9%ce%bd%ce%bf-%ce%ba%ce%bf%ce%ba%ce%ba%ce%b9%ce%bd%ce%bf,0,
1334,"ΠΡΑΣΙΝΟ ΡΟΖ",%cf%80%cf%81%ce%b1%cf%83%ce%b9%ce%bd%ce%bf-%cf%81%ce%bf%ce%b6,0,
1379,"ΡΟΖ - ΚΙΤΡΙΝΟ",%cf%81%ce%bf%ce%b6-%ce%ba%ce%b9%cf%84%cf%81%ce%b9%ce%bd%ce%bf,0,
1398,"ΡΟΖ - ΛΙΛΑ",%cf%81%ce%bf%ce%b6-%ce%bb%ce%b9%ce%bb%ce%b1,0,
1347,"ΡΟΖ - ΜΠΕΖ",%cf%81%ce%bf%ce%b6-%ce%bc%cf%80%ce%b5%ce%b6,0,
1401,"ΡΟΖ - ΜΩΒ",%cf%81%ce%bf%ce%b6-%ce%bc%cf%89%ce%b2,0,
1390,"ΡΟΖ - ΠΡΑΣΙΝΟ",%cf%81%ce%bf%ce%b6-%cf%80%cf%81%ce%b1%cf%83%ce%b9%ce%bd%ce%bf,0,
1371,"ΡΟΖ - ΦΟΥΞΙΑ",%cf%81%ce%bf%ce%b6-%cf%86%ce%bf%cf%85%ce%be%ce%b9%ce%b1,0,
1462,"ΡΟΖ - ΦΟΥΞΙΑ - ΠΡΑΣΙΝΟ",%cf%81%ce%bf%ce%b6-%cf%86%ce%bf%cf%85%ce%be%ce%b9%ce%b1-%cf%80%cf%81%ce%b1%cf%83%ce%b9%ce%bd%ce%bf,0,
1459,"ΡΟΖ ΑΝΟΙΧΤΟ",%cf%81%ce%bf%ce%b6-%ce%b1%ce%bd%ce%bf%ce%b9%cf%87%cf%84%ce%bf,0,
1405,"ΡΟΖ ΣΚΟΥΡΟ",%cf%81%ce%bf%ce%b6-%cf%83%ce%ba%ce%bf%cf%85%cf%81%ce%bf,0,
1321,ΣΑΜΠΑΝΙ,%cf%83%ce%b1%ce%bc%cf%80%ce%b1%ce%bd%ce%b9,37,
1441,"ΣΑΜΠΑΝΙ - ΣΑΜΠΑΝΙ",%cf%83%ce%b1%ce%bc%cf%80%ce%b1%ce%bd%ce%b9-%cf%83%ce%b1%ce%bc%cf%80%ce%b1%ce%bd%ce%b9,0,
1266,"ΣΑΠΙΟ ΜΗΛΟ",%cf%83%ce%b1%cf%80%ce%b9%ce%bf-%ce%bc%ce%b7%ce%bb%ce%bf,18,
2472,Σημύδα,%cf%83%ce%b7%ce%bc%cf%8d%ce%b4%ce%b1,1,
1548,Σιέλ,%cf%83%ce%b9%ce%ad%ce%bb,2,
1346,ΣΜΑΡΑΓΔΙ,%cf%83%ce%bc%ce%b1%cf%81%ce%b1%ce%b3%ce%b4%ce%b9,0,
1375,ΣΟΚΟΛΑ,%cf%83%ce%bf%ce%ba%ce%bf%ce%bb%ce%b1,0,
1384,ΣΟΜΟΝ,%cf%83%ce%bf%ce%bc%ce%bf%ce%bd,11,
1423,"ΣΟΜΟΝ - ΜΠΕΖ",%cf%83%ce%bf%ce%bc%ce%bf%ce%bd-%ce%bc%cf%80%ce%b5%ce%b6,0,
1464,"ΣΟΜΟΝ - ΜΩΒ - ΠΡΑΣΙΝΟ",%cf%83%ce%bf%ce%bc%ce%bf%ce%bd-%ce%bc%cf%89%ce%b2-%cf%80%cf%81%ce%b1%cf%83%ce%b9%ce%bd%ce%bf,0,
1454,"ΣΟΜΟΝ - ΠΡΑΣΙΝΟ",%cf%83%ce%bf%ce%bc%ce%bf%ce%bd-%cf%80%cf%81%ce%b1%cf%83%ce%b9%ce%bd%ce%bf,0,
1449,"ΣΟΜΟΝ ΜΠΟΡΝΤΩ - ΠΡΑΣΙΝΟ",%cf%83%ce%bf%ce%bc%ce%bf%ce%bd-%ce%bc%cf%80%ce%bf%cf%81%ce%bd%cf%84%cf%89-%cf%80%cf%81%ce%b1%cf%83%ce%b9%ce%bd%ce%bf,0,
1552,Σταχτί,%cf%83%cf%84%ce%b1%cf%87%cf%84%ce%af,3,
1188,Σφενδάμι,maple,0,
2222,Ταμπά,%cf%84%ce%b1%ce%bc%cf%80%ce%ac,2,
2571,Τερακότα,%cf%84%ce%b5%cf%81%ce%b1%ce%ba%cf%8c%cf%84%ce%b1,2,
1554,Τιρκουάζ,%cf%84%ce%b9%cf%81%ce%ba%ce%bf%cf%85%ce%ac%ce%b6,3,
1394,"ΤΙΡΚΟΥΑΖ - ΜΩΒ",%cf%84%ce%b9%cf%81%ce%ba%ce%bf%cf%85%ce%b1%ce%b6-%ce%bc%cf%89%ce%b2,0,
1185,Τσιμέντο,cement,38,
1189,Τυρκουάζ,teal,50,
1385,ΦΟΥΞΙΑ,%cf%86%ce%bf%cf%85%ce%be%ce%b9%ce%b1,0,
1457,"ΦΟΥΞΙΑ - ΠΡΑΣΙΝΟ",%cf%86%ce%bf%cf%85%ce%be%ce%b9%ce%b1-%cf%80%cf%81%ce%b1%cf%83%ce%b9%ce%bd%ce%bf,0,
1400,"ΦΟΥΞΙΑ - ΡΟΖ",%cf%86%ce%bf%cf%85%ce%be%ce%b9%ce%b1-%cf%81%ce%bf%ce%b6,0,
1559,Φυστικί,%cf%86%cf%85%cf%83%cf%84%ce%b9%ce%ba%ce%af,19,
1290,"ΧΑΚΙ - ΜΠΕΖ",%cf%87%ce%b1%ce%ba%ce%b9-%ce%bc%cf%80%ce%b5%ce%b6,0,
1257,"ΧΑΚΙ ASTI 28",%cf%87%ce%b1%ce%ba%ce%b9-asti-28,0,
1561,Χάλκινο,%cf%87%ce%ac%ce%bb%ce%ba%ce%b9%ce%bd%ce%bf,19,
1186,Χρυσό,gold,944,
1540,Χρωμίου,%cf%87%cf%81%cf%89%ce%bc%ce%af%ce%bf%cf%85,1,
1179,CASTILLO-TORO,castillo-toro,0,
1174,Ανθρακί,anthracite,124,
1181,Ασημί,silver,411,
1165,Βέγκε,wenge,16,
1173,Γκρι,grey,1016,
1183,Διάφανο,transparent,6,
1182,Καρυδί,walnut,167,
1184,Καφέ,brown,688,
1175,Κίτρινο,yellow,109,
1169,Κόκκινο,red,214,
1167,Λευκό,white,1829,
1168,Μαύρο,black,2191,
1176,Μπεζ,beige,1119,
1170,Μπλε,blue,209,
1177,Μωβ,purple,81,
1180,Πολύχρωμο,multicolor,352,
1171,Πορτοκαλί,orange,228,
1172,Πράσινο,green,746,
1178,Ροζ,pink,164,
1164,Σονόμα,sonoma,67,
1166,Φυσικό,natural,1501,
